timestamp,simulation_type,persona_id,persona_name,persona_age,persona_gender,persona_occupation,question,response,condition,wave,wave_number,validation_status,validation_error,instrument,persona_background,persona_education,persona_ethnicity,persona_location,persona_marital_status,persona_personality_traits,persona_political_affiliation,persona_religion,persona_values
2026-09-21T22:12:11.623108,survey,syn-5a471c92b3a0a8dae5d4,Daniel Davis,52,Male,Senior Manager,I have felt cheerful and in good spirits,4,,,,valid,,,从事Senior Manager工作多年，拥有丰富的工作经验。,,,,,"[""Calm"", ""Analytical"", ""Creative"", ""Reserved"", ""Organized""]",,,"[""Education"", ""Achievement"", ""Independence""]"
2026-09-21T22:12:11.623108,survey,syn-5a471c92b3a0a8dae5d4,Daniel Davis,52,Male,Senior Manager,I have felt calm and relaxed,4,,,,valid,,,从事Senior Manager工作多年，拥有丰富的工作经验。,,,,,"[""Calm"", ""Analytical"", ""Creative"", ""Reserved"", ""Organized""]",,,"[""Education"", ""Achievement"", ""Independence""]"
2026-09-21T22:12:11.623108,survey,syn-5a471c92b3a0a8dae5d4,Daniel Davis,52,Male,Senior Manager,I have felt active and vigorous,3,,,,valid,,,从事Senior Manager工作多年，拥有丰富的工作经验。,,,,,"[""Calm"", ""Analytical"", ""Creative"", ""Reserved"", ""Organized""]",,,"[""Education"", ""Achievement"", ""Independence""]"
2026-09-21T22:12:11.623108,survey,syn-5a471c92b3a0a8dae5d4,Daniel Davis,52,Male,Senior Manager,I woke up feeling fresh and rested,4,,,,valid,,,从事Senior Manager工作多年，拥有丰富的工作经验。,,,,,"[""Calm"", ""Analytical"", ""Creative"", ""Reserved"", ""Organized""]",,,"[""Education"", ""Achievement"", ""Independence""]"
2026-09-21T22:12:11.623108,survey,syn-5a471c92b3a0a8dae5d4,Daniel Davis,52,Male,Senior Manager,My daily life has been filled with things that interest me,4,,,,valid,,,从事Senior Manager工作多年，拥有丰富的工作经验。,,,,,"[""Calm"", ""Analytical"", ""Creative"", ""Reserved"", ""Organized""]",,,"[""Education"", ""Achievement"", ""Independence""]"
2026-09-21T22:12:11.623108,survey,syn-8065b8bbf9d1ea693fda,Christopher Johnson,43,Male,Business Owner,I have felt cheerful and in good spirits,4,,,,valid,,,是一名Business Owner，正值职业发展的黄金时期。,,,,,"[""Creative"", ""Organized"", ""Outgoing""]",,,"[""Financial security"", ""Compassion"", ""Family"", ""Health"", ""Community""]"
2026-09-21T22:12:11.623108,survey,syn-8065b8bbf9d1ea693fda,Christopher Johnson,43,Male,Business Owner,I have felt calm and relaxed,4,,,,valid,,,是一名Business Owner，正值职业发展的黄金时期。,,,,,"[""Creative"", ""Organized"", ""Outgoing""]",,,"[""Financial security"", ""Compassion"", ""Family"", ""Health"", ""Community""]"
2026-09-21T22:12:11.623108,survey,syn-8065b8bbf9d1ea693fda,Christopher Johnson,43,Male,Business Owner,I have felt active and vigorous,4,,,,valid,,,是一名Business Owner，正值职业发展的黄金时期。,,,,,"[""Creative"", ""Organized"", ""Outgoing""]",,,"[""Financial security"", ""Compassion"", ""Family"", ""Health"", ""Community""]"
2026-09-21T22:12:11.623108,survey,syn-8065b8bbf9d1ea693fda,Christopher Johnson,43,Male,Business Owner,I woke up feeling fresh and rested,4,,,,valid,,,是一名Business Owner，正值职业发展的黄金时期。,,,,,"[""Creative"", ""Organized"", ""Outgoing""]",,,"[""Financial security"", ""Compassion"", ""Family"", ""Health"", ""Community""]"
2026-09-21T22:12:11.623108,survey,syn-8065b8bbf9d1ea693fda,Christopher Johnson,43,Male,Business Owner,My daily life has been filled with things that interest me,4,,,,valid,,,是一名Business Owner，正值职业发展的黄金时期。,,,,,"[""Creative"", ""Organized"", ""Outgoing""]",,,"[""Financial security"", ""Compassion"", ""Family"", ""Health"", ""Community""]"
2026-09-21T22:12:11.623108,survey,syn-5331d9e66c4d040a6624,Barbara Moore,41,Female,Consultant,I have felt cheerful and in good spirits,[Error: empty completion (finish_reason=length — model used all 500 tokens without answering; raise Max Tokens)],,,,not_requested,,,是一名Consultant，正值职业发展的黄金时期。,,,,,"[""Organized"", ""Anxious"", ""Introverted""]",,,"[""Achievement"", ""Personal growth"", ""Tradition"", ""Financial security""]"
2026-09-21T22:12:11.623108,survey,syn-5331d9e66c4d040a6624,Barbara Moore,41,Female,Consultant,I have felt calm and relaxed,2,,,,valid,,,是一名Consultant，正值职业发展的黄金时期。,,,,,"[""Organized"", ""Anxious"", ""Introverted""]",,,"[""Achievement"", ""Personal growth"", ""Tradition"", ""Financial security""]"
2026-09-21T22:12:11.623108,survey,syn-5331d9e66c4d040a6624,Barbara Moore,41,Female,Consultant,I have felt active and vigorous,3,,,,valid,,,是一名Consultant，正值职业发展的黄金时期。,,,,,"[""Organized"", ""Anxious"", ""Introverted""]",,,"[""Achievement"", ""Personal growth"", ""Tradition"", ""Financial security""]"
2026-09-21T22:12:11.623108,survey,syn-5331d9e66c4d040a6624,Barbara Moore,41,Female,Consultant,I woke up feeling fresh and rested,[Error: empty completion (finish_reason=length — model used all 500 tokens without answering; raise Max Tokens)],,,,not_requested,,,是一名Consultant，正值职业发展的黄金时期。,,,,,"[""Organized"", ""Anxious"", ""Introverted""]",,,"[""Achievement"", ""Personal growth"", ""Tradition"", ""Financial security""]"
2026-09-21T22:12:11.623108,survey,syn-5331d9e66c4d040a6624,Barbara Moore,41,Female,Consultant,My daily life has been filled with things that interest me,2,,,,valid,,,是一名Consultant，正值职业发展的黄金时期。,,,,,"[""Organized"", ""Anxious"", ""Introverted""]",,,"[""Achievement"", ""Personal growth"", ""Tradition"", ""Financial security""]"
2026-09-21T22:12:11.623108,survey,syn-4b5a0250aa19af0ff058,Anthony Williams,41,Male,Architect,I have felt cheerful and in good spirits,4,,,,valid,,,是一名Architect，正值职业发展的黄金时期。,,,,,"[""Extroverted"", ""Cautious"", ""Organized"", ""Calm"", ""Practical""]",,,"[""Career"", ""Education"", ""Achievement"", ""Community""]"
2026-09-21T22:12:11.623108,survey,syn-4b5a0250aa19af0ff058,Anthony Williams,41,Male,Architect,I have felt calm and relaxed,4,,,,valid,,,是一名Architect，正值职业发展的黄金时期。,,,,,"[""Extroverted"", ""Cautious"", ""Organized"", ""Calm"", ""Practical""]",,,"[""Career"", ""Education"", ""Achievement"", ""Community""]"
2026-09-21T22:12:11.623108,survey,syn-4b5a0250aa19af0ff058,Anthony Williams,41,Male,Architect,I have felt active and vigorous,4,,,,valid,,,是一名Architect，正值职业发展的黄金时期。,,,,,"[""Extroverted"", ""Cautious"", ""Organized"", ""Calm"", ""Practical""]",,,"[""Career"", ""Education"", ""Achievement"", ""Community""]"
2026-09-21T22:12:11.623108,survey,syn-4b5a0250aa19af0ff058,Anthony Williams,41,Male,Architect,I woke up feeling fresh and rested,4,,,,valid,,,是一名Architect，正值职业发展的黄金时期。,,,,,"[""Extroverted"", ""Cautious"", ""Organized"", ""Calm"", ""Practical""]",,,"[""Career"", ""Education"", ""Achievement"", ""Community""]"
2026-09-21T22:12:11.623108,survey,syn-4b5a0250aa19af0ff058,Anthony Williams,41,Male,Architect,My daily life has been filled with things that interest me,5,,,,valid,,,是一名Architect，正值职业发展的黄金时期。,,,,,"[""Extroverted"", ""Cautious"", ""Organized"", ""Calm"", ""Practical""]",,,"[""Career"", ""Education"", ""Achievement"", ""Community""]"
2026-09-21T22:12:11.623108,survey,syn-5a2426bc1cb82575e81f,Elizabeth Walker,69,Female,Retiree,I have felt cheerful and in good spirits,4,,,,valid,,,曾长期从事Retiree工作，现已退休或接近退休。,,,,,"[""Intuitive"", ""Calm"", ""Practical"", ""Organized""]",,,"[""Creativity"", ""Community"", ""Financial security""]"
2026-09-21T22:12:11.623108,survey,syn-5a2426bc1cb82575e81f,Elizabeth Walker,69,Female,Retiree,I have felt calm and relaxed,4,,,,valid,,,曾长期从事Retiree工作，现已退休或接近退休。,,,,,"[""Intuitive"", ""Calm"", ""Practical"", ""Organized""]",,,"[""Creativity"", ""Community"", ""Financial security""]"
2026-09-21T22:12:11.623108,survey,syn-5a2426bc1cb82575e81f,Elizabeth Walker,69,Female,Retiree,I have felt active and vigorous,3,,,,valid,,,曾长期从事Retiree工作，现已退休或接近退休。,,,,,"[""Intuitive"", ""Calm"", ""Practical"", ""Organized""]",,,"[""Creativity"", ""Community"", ""Financial security""]"
2026-09-21T22:12:11.623108,survey,syn-5a2426bc1cb82575e81f,Elizabeth Walker,69,Female,Retiree,I woke up feeling fresh and rested,3,,,,valid,,,曾长期从事Retiree工作，现已退休或接近退休。,,,,,"[""Intuitive"", ""Calm"", ""Practical"", ""Organized""]",,,"[""Creativity"", ""Community"", ""Financial security""]"
2026-09-21T22:12:11.623108,survey,syn-5a2426bc1cb82575e81f,Elizabeth Walker,69,Female,Retiree,My daily life has been filled with things that interest me,4,,,,valid,,,曾长期从事Retiree工作，现已退休或接近退休。,,,,,"[""Intuitive"", ""Calm"", ""Practical"", ""Organized""]",,,"[""Creativity"", ""Community"", ""Financial security""]"
